name,date
Male_28,05/01/2018
Male_28,06/12/2018
Male_28,07/06/2018
Male_28,05/21/2018
Male_28,06/07/2018
Male_28,07/11/2018
Male_28,06/03/2018
Male_28,07/06/2018
Male_28,07/19/2018
Male_28,08/08/2018
Male_28,05/21/2018
Male_28,05/21/2018
Male_28,06/07/2018
Male_28,07/11/2018
Male_28,06/03/2018
Male_28,07/19/2018
Male_28,07/11/2018
Male_29,05/22/2018
Male_29,06/06/2018
Male_29,08/01/2018
Male_29,06/22/2018
Male_29,06/05/2018
Male_29,07/08/2018
Male_29,08/17/2018
Male_29,06/06/2018
Male_29,06/22/2018
Male_29,06/05/2018
Male_9,07/04/2018
Male_9,06/25/2018
Male_9,06/25/2018
Male_9,07/06/2018
Male_20,06/05/2018
Male_20,09/06/2018
Male_20,06/05/2018
Male_20,09/06/2018
Male_26,07/07/2018
Male_26,05/16/2018
Male_26,07/19/2018
Female_21,07/12/2018
Female_21,06/19/2018
Female_17,06/10/2018
Female_17,05/31/2018
Female_14,05/29/2018
Male_20,12/04/2018
Male_20,12/04/2018
Male_20,12/04/2018
Male_20,12/04/2018
Male_20,12/04/2018
Male_26,02/05/2019
Male_26,11/26/2018
Male_26,12/01/2018
Male_26,11/02/2018
Male_26,11/19/2018
Male_26,12/29/2018
Male_26,01/22/2019
Male_26,01/11/2019
Male_26,01/14/2019
Male_26,12/01/2018
Male_26,12/24/2018
Male_26,01/29/2019
Male_26,01/22/2019
Male_26,11/26/2018
Male_26,10/29/2018
Male_26,12/23/2018
Male_26,01/14/2019
Male_26,01/29/2019
Male_26,12/01/2018
Male_26,11/25/2018
Male_26,12/01/2018
Male_7,12/25/2018
Male_7,01/09/2019
Male_7,12/08/2018
Male_7,01/16/2019
Male_7,12/25/2018
Male_7,12/15/2018
Male_7,01/09/2019
Male_7,12/15/2018
Male_7,12/29/2018
Male_30,01/01/2019
Male_30,12/05/2018
Male_30,01/01/2019
Male_30,12/31/2018
Male_30,12/31/2018
Male_30,12/05/2018
Male_30,05/25/2023
Male_30,04/23/2023
Male_30,04/23/2023
Male_30,03/19/2023
Male_30,05/20/2023
Male_30,04/03/2023
Male_30,03/02/2023
Male_30,04/08/2023
Male_30,05/10/2023
Male_27,02/04/2019
Male_27,02/04/2019
Male_27,12/08/2018
Female_14,12/10/2018
Female_14,12/10/2018
Male_22,10/21/2014
Male_22,11/25/2014
Male_22,12/16/2014
Male_29,12/30/2014
Male_19,11/06/2014
Male_24,11/08/2014
Male_24,11/20/2014
Male_19,12/01/2014
Female_21,11/19/2014
Male_24,01/05/2015
Male_24,11/02/2014
Male_24,11/21/2014
Male_29,11/22/2014
Male_29,01/06/2015
Male_24,11/16/2014
Male_24,12/08/2014
Male_25,01/10/2015
Female_12,10/25/2014
Female_12,11/16/2014
Male_29,11/20/2014
Male_24,11/23/2014
Female_9,11/17/2014
Female_9,12/13/2014
Female_7,01/13/2015
Female_7,01/20/2015
Male_24,12/18/2014
Female_3,10/27/2014
Male_24,12/12/2014
Male_29,12/25/2014
Male_24,12/13/2014
Male_24,12/15/2014
Male_24,12/23/2014
Female_20,11/23/2014
Female_20,04/07/2015
Female_19,02/20/2015
Female_12,02/24/2015
Male_28,02/28/2015
Female_6,04/05/2015
Female_4,04/05/2015
Female_6,04/06/2015
Male_29,03/24/2015
Male_29,03/24/2015
Female_20,04/07/2015
Male_24,02/12/2015
Male_29,02/14/2015
Male_29,02/14/2015
Male_29,02/22/2015
Male_29,02/22/2015
Male_29,02/22/2015
Female_19,02/20/2015
Male_24,03/18/2015
Male_27,10/09/2015
Male_27,10/29/2015
Female_13,08/26/2015
Male_19,10/30/2015
Female_8,09/19/2015
Male_5,08/29/2015
Male_5,09/30/2015
Female_8,08/25/2015
Male_19,09/06/2015
Female_13,08/10/2015
Male_19,08/15/2015
Male_19,09/04/2015
Male_19,09/25/2015
Male_19,08/26/2015
Male_19,08/24/2015
Female_22,01/05/2016
Male_19,12/13/2015
Male_19,01/16/2016
Male_19,12/13/2015
Female_2,01/02/2016
Male_19,12/20/2015
Male_19,12/20/2015
Male_19,12/20/2015
Female_13,11/18/2015
Female_13,01/11/2016
Male_18,10/04/2008
Male_18,09/11/2008
Male_18,09/19/2008
Male_18,09/30/2008
Male_18,11/27/2008
Male_18,10/20/2008
Male_18,11/17/2008
Male_18,10/19/2008
Male_18,11/18/2008
Male_18,12/17/2008
Male_16,04/06/2009
Male_13,04/08/2009
Male_13,04/18/2009
Male_13,04/26/2009
Male_13,04/04/2009
Male_16,04/22/2009
Male_13,04/26/2009
Male_16,04/23/2009
Male_13,04/26/2009
Male_13,04/26/2009
Male_16,06/09/2009
Male_13,07/07/2009
Male_16,07/11/2009
Male_16,07/11/2009
Female_22,07/13/2009
Female_22,07/13/2009
Male_16,06/29/2009
Female_22,07/03/2009
Male_16,06/13/2009
Male_16,06/10/2009
Male_16,06/14/2009
Male_16,07/05/2009
Male_16,06/10/2009
Male_16,08/05/2009
Male_16,08/24/2009
Male_16,08/24/2009
Male_16,08/24/2009
Male_16,09/02/2009
Male_16,08/05/2009
Male_26,06/13/2016
Male_26,05/28/2016
Male_22,05/27/2016
Male_22,05/16/2016
Male_11,07/02/2016
Male_11,06/09/2016
Female_18,05/03/2016
Female_18,05/01/2016
Male_28,03/04/2018
Male_20,03/04/2018
Male_20,06/04/2017
Female_19,09/13/2017
Female_10,08/21/2017
Female_17,07/04/2017
Female_17,07/27/2017
Female_17,03/09/2018
Female_17,03/14/2018
Male_28,03/29/2018
Female_17,08/20/2018
Male_28,06/10/2017
Male_28,12/29/2017
Male_28,01/10/2018
Male_24,10/28/2016
Female_17,06/05/2017
Female_17,01/22/2018
Female_17,04/09/2018
Male_28,04/08/2017
Male_28,06/05/2017
Male_28,07/02/2017
Male_28,10/05/2017
Male_28,01/03/2018
Male_28,03/18/2018
Male_28,04/25/2018
Male_28,07/23/2018
Female_17,01/22/2018
Female_17,02/28/2018
Female_10,07/12/2017
Male_21,10/31/2017
Male_28,07/02/2017
Male_9,06/22/2018
Male_28,08/18/2018
Male_28,09/24/2018
Male_28,07/11/2018
Male_28,05/23/2017
Male_28,01/10/2018
Male_28,06/07/2017
Male_28,10/16/2017
Male_28,05/22/2017
Male_28,11/13/2017
Male_21,10/27/2017
Male_21,01/30/2018
Female_17,03/02/2018
Male_21,05/29/2017
Male_28,11/13/2017
Female_15,07/14/2017
Female_15,04/13/2018
Female_17,04/20/2017
Female_10,08/10/2017
Male_9,06/02/2018
Male_21,04/24/2018
Male_28,09/09/2018
Female_17,07/14/2017
Male_26,02/18/2017
Male_28,02/24/2018
Male_28,02/24/2018
Male_28,06/06/2018
Male_28,08/17/2018
Male_28,09/03/2018
Male_9,07/16/2018
Male_9,07/18/2018
Male_21,08/21/2017
Male_21,03/01/2018
Male_21,03/27/2018
Male_21,05/10/2018
Male_23,08/07/2018
Male_23,08/08/2018
Male_28,06/11/2017
Female_17,10/15/2017
Female_17,08/03/2018
Male_28,09/22/2018
Female_1,06/12/2018
Male_9,07/04/2018
Male_23,06/18/2017
Female_20,10/01/2017
Male_25,07/27/2017
Male_25,08/08/2017
Male_25,08/10/2017
Male_25,09/10/2017
Male_25,08/09/2017
Female_20,03/21/2018
Female_20,07/26/2017
Female_20,07/26/2017
Female_20,03/21/2018
Male_17,12/13/2017
Female_20,02/03/2018
Male_29,10/15/2016
Female_18,11/25/2016
Female_20,03/20/2017
Male_29,12/19/2016
Female_18,07/17/2018
Male_29,12/20/2016
Male_29,12/25/2016
Male_29,03/21/2018
Male_29,03/19/2017
Male_29,03/21/2018
Male_29,06/28/2018
Male_29,02/26/2017
Male_29,08/04/2018
Male_29,02/26/2017
Male_17,12/09/2017
Male_17,12/13/2017
Male_17,11/24/2017
Male_17,12/27/2017
Male_17,07/06/2017
Male_17,09/11/2017
Male_17,07/30/2017
Male_17,06/26/2017
Male_29,05/22/2018
Male_12,04/23/2018
Male_12,05/25/2018
Male_12,07/17/2018
Male_12,07/16/2018
Male_12,05/05/2018
Male_12,06/21/2018
Male_12,06/22/2018
Male_29,06/11/2018
Male_29,06/10/2017
Male_29,05/25/2018
Male_29,12/23/2016
Male_29,12/24/2016
Male_29,12/24/2016
Male_29,01/07/2017
Male_29,08/17/2018
Male_29,06/10/2017
Female_11,08/14/2018
Female_11,05/05/2018
Male_1,02/18/2017
Male_29,09/08/2018
Male_21,12/26/2017
Female_21,07/27/2018
Female_21,01/21/2017
Male_28,05/25/2018
Male_28,09/30/2018
Male_28,09/30/2018
Male_28,10/27/2018
Male_28,11/09/2018
Male_20,11/02/2018
Male_28,10/26/2018
Male_29,10/31/2018
Male_28,10/29/2018
Male_23,12/21/2018
Female_17,12/02/2018
Male_28,11/22/2018
Male_23,12/24/2018
Male_23,12/24/2018
Male_23,12/24/2018
Male_21,12/25/2018
Male_21,12/27/2018
Male_23,01/14/2019
Male_28,01/18/2019
Male_28,01/31/2019
Male_28,11/14/2018
Female_17,01/29/2019
Male_23,12/24/2018
Male_23,12/24/2018
Male_23,12/24/2018
Male_23,12/25/2018
Male_23,12/26/2018
Male_28,11/14/2018
Male_28,12/04/2018
Male_23,01/14/2019
Male_28,01/18/2019
Male_23,01/28/2019
Male_28,01/31/2019
Male_28,02/01/2019
Male_23,02/13/2019
Male_28,11/08/2018
Male_26,04/03/2017
Female_20,04/30/2017
Male_26,03/23/2017
Female_10,09/08/2017
Female_20,08/27/2016
Male_26,08/27/2016
Male_11,08/27/2016
Female_5,08/27/2016
Female_10,06/12/2017
Female_20,04/03/2017
Male_26,04/03/2017
Female_20,05/08/2017
Male_26,03/23/2017
Female_16,04/16/2017
Female_16,05/31/2016
Male_18,11/24/2007
Male_18,11/24/2007
Male_18,11/24/2007
Male_18,04/22/2008
Male_2,06/17/2023
Male_8,04/27/2023
Male_8,06/09/2023
Male_3,06/14/2023
Male_3,06/16/2023
Male_15,04/28/2023
Male_15,04/28/2023
Male_15,03/15/2023
Male_15,03/10/2023
Male_15,04/08/2023
Male_15,04/17/2023
Male_15,12/12/2022
Male_6,01/07/2023
Male_6,01/31/2023
Male_6,12/25/2022
Male_14,11/21/2022
Male_14,12/09/2022
Male_14,11/28/2022
Male_14,04/03/2023
Male_14,01/10/2023
Male_14,01/26/2023
Male_14,02/19/2023
Male_10,11/14/2022
Male_10,01/23/2023
Male_10,11/28/2022
Male_4,12/28/2022
Male_4,12/25/2022
Male_4,01/26/2023
